ticker,total,setup,A,B,C,D,disq,mcap_bn,drawdown,pctile,ebitda_margin,ind_median,ev_ebitda,nd_ebitda,rev_12m,catalyst,months,numeric,target,target_yr,street_at_target,gap_bps,verdict
EYE,9,yes,2,2,3,2,,1.3,-44%,0%,11%,12%,6.2x,0.9x,8%,"new_ceo,new_cfo,strategy_update,board_refresh",14.0,True,10.2,2030,9.09,110.5,"Closest GXO analogue of the three: stock down 44% at the bottom of its 5-year EV/EBITDA range, a new CEO (hired from CooperVision as President in 2024, CEO sinc"
GXO,9,yes,2,3,2,2,,5.3,-32%,2%,7%,10%,7.4x,2.6x,0%,"new_ceo,new_cfo,board_refresh,acquisition",13.4,True,6.0,,,,"Archetype confirmed: external CEO plus new CFO, COO and Chairman, CEO twice framed a 3.5% to above 6% EBIT gap to peers, yet FY2027 consensus EBITDA moved only "
ACI,8,yes,2,2,2,2,,5.9,-46%,23%,4%,5%,4.1x,2.4x,-9%,"new_ceo,new_cfo,board_refresh,strategy_update",17.0,True,,2026,4.38,,"Mechanical 8/10 overstates the fit: leadership is turning over hard (internal CEO 2025-05, external Executive Chair Meg Whitman 2026-09, CFO search, 4 new direc"
AVAV,8,,2,3,3,0,yes,7.0,-65%,7%,14%,18%,22.5x,0.5x,-18%,"acquisition,new_cfo,board_refresh",17,True,19.0,2030,18.31,-69,"Catalyst and numeric framing match GXO, but the street already models the low end of the FY2030 18% to 20% target and has cut EBITDA 18%, so the gap is missing;"
CNM,8,,2,1,3,2,,8.0,-38%,23%,12%,11%,10.5x,2.2x,-3%,"strategy_update,board_refresh",18,True,15.0,2028,12.82,-218,"Mechanically scores well (explicit 15% by fiscal 2028 target, consensus 218 bps short) but it is a stale 2023 target under an internal successor team whose chan"
HOG,8,,2,3,3,0,,2.7,-41%,8%,8%,14%,9.0x,2.2x,-25%,"new_ceo,board_refresh,strategy_update,activist",12,True,10.0,,9.63,37,"Strong leadership reset and repeated dated targets ($150M savings, $350M+ HDMC EBITDA in 2027), but forward EBITDA was cut 25% in 12 months and consensus alread"
JBTM,8,,2,1,3,2,,5.6,-37%,0%,18%,22%,9.4x,2.4x,8%,"acquisition,strategy_update,board_refresh",21.0,True,20.0,2028,17.01,299.3,"Best numeric framing of the three (20% adjusted EBITDA margin in 2028 plus $150M synergy run-rate by end 2027, repeated by CFO, President and CEO) against conse"
GPK,7,,2,3,2,0,,2.7,-69%,22%,14%,19%,6.7x,4.7x,-27%,"new_ceo,new_cfo,board_refresh,strategy_update",9,True,,,,,"Full external leadership reset into a deeply de-rated stock, but the only numbers are a 2026 cost-savings figure swamped by inflation, forward EBITDA is down 27"
HRL,7,,2,2,1,2,,11.0,-41%,0%,12%,16%,9.0x,1.5x,-4%,"new_ceo,new_cfo,strategy_update",14,False,,,,,"Cheap, de-rated and with flat estimates, but the CEO is an internal promotion and the new team has offered only a growth algorithm, not a numeric margin target,"
AVY,5,,1,1,3,0,yes,13.1,-23%,8%,17%,20%,8.3x,0.2x,-1%,"strategy_update,board_refresh",0,True,17.0,2028,17.0,0,"Clean calibration case of numeric framing without a management catalyst: the CFO has stated 17%+ by 2028 twice, but the street already models exactly 17% and th"
DRVN,5,,2,2,1,0,,1.9,-39%,2%,22%,27%,7.0x,3.4x,-23%,"new_ceo,strategy_update,board_refresh",16,False,,,,,"Cheap and down, with an internal CEO and a new leverage and buyback framework, but no margin target; the -23% EBITDA revision (partly from car wash divestitures"
PRIM,5,,1,3,1,0,,4.1,-63%,43%,7%,12%,8.8x,1.7x,-15%,"new_ceo,acquisition,board_refresh",10,False,,,,,"Strong catalyst (external CEO from Jacobs, board refresh, PayneCrest deal) but no numeric margin framework, and the -15% EBITDA revision reflects a renewables e"
LPX,4,,1,2,1,0,yes,4.5,-45%,52%,17%,19%,9.9x,0.4x,-27%,"new_ceo,new_cfo,board_refresh",7,False,25.0,,,,"Not a GXO setup: leadership turnover is all internal succession, the only margin target (Siding 25%) is already met, and consolidated margin moves with OSB pric"
