ticker,sector,industry,mcap,price_ltm_pct,drawdown,pctile,ebitda_margin,_indmed,ebitda_revision,ebitda_inflection,ev_ebitda_fy,net_debt_ltm_ebitda,ebitda_brokers,bucket,cid,name
1316,Consumer Goods,Auto Parts,1447334002.607429,-0.45593973778544195,-0.4643964648431178,0.15,0.11142632150056726,0.126,-0.09006234292291937,0,0.21589763975970655,-2.596039469831289,8.0,screen,1003464,Nexteer Automotive Group Ltd
AAP,Consumer Services,Automotive Retailers,2363140000.0,-0.35355905477377636,-0.526186446160906,0.016666666666666666,0.08058050223786717,0.06,-0.0024562336194857703,0,3.7440980448052907,0.4611017007071802,19.0,screen,1000072,"ADVANCE AUTO PARTS, INC."
ACI,Consumer Services,Food Retailers,5938524000.0,-0.3087066235626782,-0.46416644466781576,0.23333333333333334,0.043829049612087535,0.054,-0.08800561788605632,0,4.127512501239867,2.386422944252891,15.0,screen,1004774,Albertsons Companies Inc
ACM,Industrials,Construction & Engineering,7662414400.0,-0.5421615810375517,-0.5562698881139276,0.0,0.08202383357122008,0.115,-0.03933570180734758,0,6.974822018863014,1.6021042876348366,9.0,screen,1000419,AECOM
ADNT,Consumer Goods,Auto Parts,1391544000.0,-0.30066445182724244,-0.5443722943722944,0.0,0.057158721515839894,0.126,-0.07332599663102124,0,3.297828797483711,1.8451563624046738,7.0,screen,1003310,Adient plc
AI,Technology,Application Software,1722038890.0,-0.3662053056516724,-0.7440614811364694,0.48333333333333334,-0.5915702439195114,0.282,-0.17288129677077357,,-8.164824239709603,,9.0,screen,1004924,C3.ai Inc
ALKT,Technology,Application Software,1525797122.5705197,-0.44887278582930756,-0.6757460918995737,0.0,0.21672839558636073,0.282,-0.11969124025702726,0,13.263042408969218,2.9075559326334175,4.0,screen,1005044,Alkami Technology Inc
AMC,Consumer Services,Out-of-Home Entertainment,2166045000.0,0.034482758620689724,-0.7272727272727273,0.23333333333333334,0.13273670143184965,0.226,0.044734793881101576,1,6.817538278631317,4.788966877453139,6.0,screen,1000422,"AMC Entertainment Holdings, Inc."
AMSC,Industrials,Heavy Electrical Equipment,1390158000.0,-0.5098501431217377,-0.5634373125374925,,0.09197176655355976,0.004,-0.06300255070322758,,36.86507863522449,-5.288635452925205,4.0,screen,1003214,American Superconductor Corporation
AOS,Industrials,Industrial Machinery and Equipment,7812696210.0,-0.21500065668052126,-0.3626382055033759,0.016666666666666666,0.20960577308454037,0.218,-0.05210269752843544,0,9.727806817116358,0.564153550959405,8.0,screen,1000535,AO SMITH CORP
ATEC,Health Care,Health Care Equipment,1550092500.0,-0.29023383768913336,-0.5449735449735449,0.17647058823529413,0.18525112904802063,0.211,0.048094494722839,0,10.659754155846647,3.5810740312259566,12.0,screen,1000503,"Alphatec Holdings, Inc."
AVAV,Industrials,Aerospace & Defense,6990608304.45,-0.5483502175362824,-0.6529780640753483,0.06666666666666667,0.14412152725195876,0.178,-0.1829145983522914,0,22.486757729744305,0.500535288939469,14.0,screen,1000512,AEROVIRONMENT INC
AVPT,Technology,Application Software,3109652480.0,-0.06195869420386402,-0.2956478239119559,0.2,0.19902895021574463,0.282,-0.015013908583240476,0,22.098407567515437,-4.374563122551374,10.0,screen,1005134,AvePoint Inc
AVY,Materials,Industrial Chemicals,13111768000.0,0.07646838814831325,-0.22544616246263116,0.08333333333333333,0.16645395337648206,0.202,-0.013486437156970843,0,8.346439213307358,0.180784768170397,7.0,screen,1000514,AVERY DENNISON CORP
BAH,Industrials,Research & Consulting Services,8469447309.09,-0.28486687490370144,-0.6115212860923929,0.05,0.11159193955953606,0.156,-0.09385142365472954,0,9.326111625743684,2.715021003715144,12.0,screen,1000302,Booz Allen Hamilton Holding Corp
BFAM,Consumer Services,Educational and Vocational Training Services,3355410523.95,-0.41309754075711524,-0.5471859010801592,0.03333333333333333,0.1731608534955201,0.247,-0.015020109684568905,0,7.916014625160122,2.1992359886715827,6.0,pipeline,1000526,BRIGHT HORIZONS FAMILY SOLUTIONS INC
BJ,Consumer Services,Hypermarkets & Supercenters,12053996370.0,-0.013404825737265424,-0.23294980823745204,0.2,0.05019831072595188,0.066,-0.01743585214982224,0,10.508018611077683,0.5111248768085531,16.0,screen,1004181,BJ's Wholesale Club Holdings Inc
BMI,Technology,Electronic Equipment & Instruments,3740957384.67,-0.30022982539466103,-0.5088359974975653,0.0,0.23535502557470417,0.241,-0.04069139846165526,0,15.481953724130475,-0.6638606019427161,4.0,screen,1003499,Badger Meter
BR,Technology,Application Software,18628940000.0,-0.3081336107700213,-0.3839633053042919,0.06666666666666667,0.248622436085359,0.282,0.04258172245329206,0,10.998477525581253,1.550066035156477,5.0,screen,1004330,Broadridge Financial Solutions Inc
BURL,Consumer Services,Apparel Retailers,17591846720.0,0.04986247544204314,-0.2821139740455144,0.13333333333333333,0.11659017178212178,0.128,0.06767656756123763,0,12.577581940845977,0.8475513929105125,14.0,screen,1000576,BURLINGTON STORES INC
BWXT,Industrials,Aerospace & Defense,12585672137.869999,-0.2526705896446514,-0.42370739707439875,0.43333333333333335,0.17796435072847788,0.178,0.05516867741084286,0,18.676832758662304,2.187607674506722,13.0,screen,1000440,"BWX Technologies, Inc."
CAG,Consumer Goods,Packaged Foods & Meats,6336000000.0,-0.2079043123511759,-0.537008398089317,0.16666666666666666,0.14017336286646226,0.164,-0.12100870031291322,0,9.044644914541992,4.5560274715159235,6.0,screen,1000066,"CONAGRA BRANDS, INC."
CALX,Telecommunications,Communication Equipment,2286194300.0,-0.4401173211666938,-0.4978076585793628,0.0,0.15172329247543595,0.253,-0.08320815647107505,0,10.069243290788512,-1.2927316414033139,4.0,screen,1000310,"CALIX, INC"
CARR,Industrials,Industrial Machinery and Equipment,46191530000.0,-0.06693854957971135,-0.32039268527908815,0.11666666666666667,0.20273780293823293,0.218,-0.07783644188638117,0,11.445219415682729,2.3331741296918174,17.0,screen,1004710,Carrier Global Corporation
CAVA,Consumer Services,Restaurants & Bars,6436858125.0,-0.1044529051481542,-0.6414369034994698,0.0,0.13261013071611102,0.166,-0.07362318430473747,0,27.46811664098236,1.0894389858591347,19.0,screen,1005560,"Cava Group, Inc."
CC,Materials,Industrial Chemicals,2059926748.3600001,-0.12469161604251366,-0.5426626209150442,0.26666666666666666,0.15150154649593928,0.202,-0.10032030734000663,0,5.571847676499011,4.045406358919689,7.0,screen,1000447,Chemours Company
CDW,Technology,Technology Distributors,17304742000.0,-0.17899511454590378,-0.48543758289682515,0.016666666666666666,0.09678587987214286,0.047,-0.005160905148478334,0,9.39830665507996,2.4315502303805516,8.0,screen,1000546,CDW CORPORATION DE
CHWY,Consumer Services,Specialty Stores and Retailers,7266972000.0,-0.550061804697157,-0.6224849616262187,0.0,0.06745738127167424,0.119,0.04580527088489306,0,7.941588532807358,-0.027724702062358775,18.0,screen,1004577,Chewy Inc
CNM,Industrials,Industrial Distribution,8001209240.92,-0.22942597064833736,-0.3807106598984772,0.23333333333333334,0.12273246797587108,0.107,-0.031697587071062516,0,10.541277095755351,2.246570497916928,12.0,pipeline,1000002,Core & Main Inc
CNMD,Health Care,Health Care Equipment,1383273810.0,-0.01701041888156507,-0.5887438755454462,0.2,0.20615715033840426,0.211,-0.09689398497013746,0,7.37272884641773,2.8539708025503994,6.0,screen,1006380,CONMED
CNXC,Industrials,Data Processing & Outsourcing Services,1645179100.0,-0.4333243318543136,-0.7439570948328071,0.15,0.1513974935062555,0.18,-0.11289383659019625,0,3.5829649296136297,2.5629807205543127,3.0,screen,1005325,Concentrix Corporation
COTY,Consumer Goods,Personal Products,2333060000.0,-0.35396039603960394,-0.8031674208144797,0.26666666666666666,0.1392073740327415,0.181,-0.2326476323919362,0,6.417278186680826,3.3997193584606595,12.0,screen,1000611,COTY INC
CPB,Consumer Goods,Packaged Foods & Meats,5924960000.0,-0.3321972902685332,-0.5825926568937092,0.13333333333333333,0.15438533953741498,0.164,-0.1708011141016531,0,8.670124031976442,4.291006956215692,13.0,screen,1000216,The Campbell's Company
CRH,Materials,Building and Construction Materials,54640960000.0,-0.30050728780076597,-0.36326370251613604,0.3333333333333333,0.21130862790465402,0.261,0.026617558583877488,0,7.8598874159390535,1.837329563456282,20.0,screen,1000350,CRH PUBLIC LTD CO
CVLT,Technology,Systems Software,6186982130.0,-0.2058480771268143,-0.23279258993910246,0.5833333333333334,0.21818984168947372,0.339,-0.01979089332762085,0,21.545094575937505,-0.17917409471142043,14.0,screen,1000621,COMMVAULT SYSTEMS INC
CVNA,Consumer Services,Automotive Retailers,71046080000.0,-0.1710847206022691,-0.3464311840317692,0.20689655172413793,0.10610502916437703,0.06,0.07755849683635896,0,19.237571762136422,0.9427590266654943,16.0,portfolio,1000004,Carvana Co
CXM,Technology,Application Software,1241524800.0,-0.35880829015544036,-0.70412432755529,0.0,0.18329991544628507,0.282,-0.041648154931916426,0,5.220007770510059,-2.5545597698052904,8.0,screen,1005129,Sprinklr Inc
DASH,Technology,Application Software,80037675375.0,-0.32515901319901463,-0.34851281323205796,0.06666666666666667,0.2271387600653239,0.282,-0.04432595373546511,0,15.791570509341733,-0.7532658926004443,32.0,pipeline,1000005,DoorDash Inc
DHI,Consumer Goods,Home Building,38787980000.0,-0.1839841869660752,-0.2924913525026429,0.65,0.12387325856328696,0.096,-0.20671213379280884,0,10.436411360931672,1.3975880111052983,7.0,screen,1000295,HORTON D R INC
DKS,Consumer Services,Specialty Stores and Retailers,11973903350.0,-0.3790499628668017,-0.44358496406424686,0.18333333333333332,0.09580345465730901,0.119,-0.16977528034951994,0,6.133075742954337,0.4777576525945761,17.0,screen,1001287,"DICK'S SPORTING GOODS, INC."
DOW,Materials,Commodity Chemicals,20005509000.0,0.260325053330954,-0.4744951938887343,0.2,0.12370620087662668,0.19,0.05274527290068587,0,6.338792080177396,2.605274893855184,15.0,screen,1004471,Dow Inc
DRS,Industrials,Aerospace & Defense,9886050600.0,-0.18618156414595766,-0.2613578186384795,0.2619047619047619,0.1425046116819546,0.178,-0.06426924709737702,0,18.058378647064156,-0.23508642833685506,6.0,screen,1005479,"Leonardo DRS, Inc."
DRVN,Consumer Services,Specialized Consumer Services,1914906960.0,-0.26691495965238976,-0.3852160333159813,0.016666666666666666,0.22470017771233394,0.266,-0.23461328430232287,0,6.947427682874046,3.3976547999362228,7.0,screen,1004971,Driven Brands Holdings Inc
DXC,Technology,IT Consulting & Other Services,1935382800.0,-0.20542920029347034,-0.5673192169396724,0.05,0.13097209971171367,0.189,-0.13828034333685035,0,2.1857364756544375,0.917369295063654,6.0,screen,1003863,DXC Technology Co
EEFT,Technology,Payment Processing,2485805447.0,-0.28402232092016855,-0.46071367301423916,0.0,0.1759699035427566,0.264,-0.08484647232002873,0,3.5430911177379243,0.5737931028458609,8.0,screen,1003428,Euronet Worldwide Inc
EFOR,Technology,IT Consulting & Other Services,1483790000.0,-0.3051742344244984,-0.6859488354333716,0.2833333333333333,0.09882298404445464,0.189,-0.16317692108308157,0,6.911749590879159,3.3022127306657025,6.0,screen,1006517,"Everforth, Inc."
EMN,Materials,Diversified Chemicals,7384965000.0,0.07982125106334692,-0.3845466172946608,0.06666666666666667,0.17550866342673682,0.19,-0.0790795762032952,0,7.179213607372738,2.92035564588432,11.0,screen,1000394,EASTMAN CHEMICAL CO
ENOV,Health Care,Health Care Equipment,1046827800.0,-0.3978246539222149,-0.7136363636363636,0.0,0.1817040676318139,0.211,-0.13808339768993216,0,5.197973920570399,3.010237817822329,11.0,screen,1000550,Enovis Corp
ENPH,Industrials,Electrical Components and Equipments,4368473280.0,-0.06781576716586601,-0.7597932139216543,0.23333333333333334,0.1650376548997323,0.199,-0.2359415608944334,0,19.632260934533118,-1.8192699385212823,16.0,screen,1000652,ENPHASE ENERGY INC
EPAM,Technology,IT Consulting & Other Services,5976731450.0,-0.2813847072087008,-0.655595461335537,0.11666666666666667,0.16459693149140273,0.189,-0.05153310188815541,0,5.414810164221103,-0.8366571874440887,14.0,screen,1000317,"EPAM Systems, Inc."
EYE,Consumer Services,Specialty Stores and Retailers,1321790800.0,-0.4388489208633094,-0.44399185336048885,0.0,0.1127315649492765,0.119,0.08262526495198474,0,6.245969765755216,0.9442731234504156,11.0,screen,1003684,National Vision Holdings Inc
FBIN,Industrials,Building Products,4603140000.0,-0.2704200713414655,-0.5626860529388322,0.15,0.1793021187884322,0.227,-0.23256755970651766,0,8.693673853163213,2.8531709735829134,13.0,screen,1003197,"Fortune Brands Innovations, Inc."
FCN,Industrials,Research & Consulting Services,4115265360.0,-0.16789359727806996,-0.4177056277056277,0.0,0.11498094023829838,0.156,-0.0015037835238904673,0,10.08157552506994,1.9258664846918214,3.0,screen,1002925,FTI CONSULTING INC
FLO,Consumer Goods,Packaged Foods & Meats,1181461080.0,-0.5360074257233143,-0.7491153888792117,0.016666666666666666,0.08719878652234762,0.164,-0.17934388833195103,0,6.377428730019497,3.4129054491243656,3.0,screen,1003013,"Flowers Foods, Inc."
FND,Consumer Services,Home Improvement Retailers,4976763600.0,-0.3784260515603799,-0.6574953271028037,0.0,0.11585862550081819,0.163,-0.1416822482911274,0,8.191084735808353,-0.225803541684612,16.0,pipeline,1000015,"Floor & Decor Holdings, Inc."
FOUR,Technology,Payment Processing,3202200000.0,-0.532687338501292,-0.7121597962756645,0.0,0.22790201422066383,0.264,-0.09578505131345261,0,4.992759661966236,3.063054623189641,21.0,screen,1004769,Shift4 Payments Inc
FUL,Materials,Industrial Chemicals,2757928380.0,-0.1520138582684848,-0.41069497857833626,0.0,0.18971672271135787,0.202,0.050015877469468784,0,6.4973830085585025,2.9864206543040464,3.0,screen,1004155,HB Fuller Co
GBX,Industrials,Heavy Transportation Equipment,1272657050.0,-0.1076875486450356,-0.4063125682456319,0.7833333333333333,0.13185826018341779,0.166,-0.27926848239937196,0,7.758983065769422,4.906652171957328,3.0,screen,1000689,GREENBRIER COMPANIES INC
GEHC,Health Care,Health Care Equipment,29046920000.0,-0.12790401566781684,-0.3013318194089126,0.1,0.18366793949562263,0.211,0.01516045190181936,0,8.868907100032873,2.097034083971202,13.0,screen,1005488,"GE Healthcare Technologies, Inc."
GPK,Materials,Paper Packaging,2658432000.0000005,-0.5185376917993576,-0.6890950994506124,0.21666666666666667,0.1389783650075877,0.19,-0.27419387000609674,0,6.6918643276306975,4.682378844201991,8.0,screen,1000701,GRAPHIC PACKAGING HOLDING CO
GT,Consumer Goods,Tires & Rubber,1453670000.0,-0.33556149732620333,-0.6686666666666667,0.13333333333333333,0.09001789965210033,0.139,-0.24222491901849152,0,1.2497586816852824,0.36665348004106946,6.0,screen,1000207,THE GOODYEAR TIRE & RUBBER COMPANY
GXO,Industrials,"Delivery, Air Freight & Logistics",5318399280.0,-0.15957647948572506,-0.3223052294557097,0.016666666666666666,0.07079738508981288,0.098,0.0038918461624093403,0,7.4372737445832655,2.6019205870808455,14.0,portfolio,1000007,GXO Logistics Inc
HD,Consumer Services,Home Improvement Retailers,281330160000.0,-0.27800195449976517,-0.3144313235362862,0.15,0.14608087017214025,0.163,-0.05161197950307006,0,13.259075684530846,2.0526720163782683,25.0,screen,1003161,"THE HOME DEPOT, INC."
HIMS,Health Care,Health Care Services,6790161491.8,-0.47478843441466856,-0.5666278731451848,0.2807017543859649,0.10023676162191991,0.1,-0.1804179885839644,0,18.15307580736468,1.7463446906946938,14.0,screen,1004973,Hims & Hers Health Inc
HLF,Consumer Goods,Personal Products,1283260000.0,0.4372037914691944,-0.3922845691382766,0.2,0.13415360486370081,0.181,-0.022038929158210374,0,4.0496763809396334,2.4556832215391684,3.0,screen,1003471,Herbalife Ltd.
HLIT,Telecommunications,Communication Equipment,1175791040.0,0.037328094302554016,-0.3828170660432495,0.016666666666666666,0.23283292596878843,0.253,-0.06412606808921018,0,7.884987728702288,-1.2656287056818651,5.0,screen,1000679,HARMONIC INC
HLMN,Industrials,Machinery Tools and Components,1366423540.0,-0.2385620915032679,-0.3942807625649912,0.0,0.17745264864820331,0.232,0.040078005628957136,0,6.35780501353211,2.340445895490832,5.0,screen,1005028,Hillman Solutions Corp
HOG,Consumer Goods,Motorcycle Manufacturers,2695743440.0,-0.09499076533950335,-0.40904500054336856,0.08333333333333333,0.0835290323810933,0.139,-0.25338272572830023,0,8.979045332990468,2.2454061104566443,9.0,screen,1000138,"Harley-Davidson, Inc."
HRL,Consumer Goods,Packaged Foods & Meats,10999437040.0,-0.1517830079919552,-0.4077334812871116,0.0,0.11609481917642082,0.164,-0.039515655702374475,0,9.042714915786926,1.457299981940787,5.0,screen,1003012,Hormel Foods Corporation
HUBG,Industrials,"Delivery, Air Freight & Logistics",1819039950.0,-0.12948985566089544,-0.43132617745660284,0.26666666666666666,0.0897959902262213,0.098,-0.09523767815684137,0,5.238959558704761,0.3443063643552483,5.0,screen,1000729,HUB GROUP INC
HUN,Materials,Diversified Chemicals,1508580000.0,-0.03593821964888655,-0.6421535367316727,0.25,0.07000290610809726,0.19,-0.11425128990096234,0,7.382195010243401,4.865255440375915,11.0,screen,1000034,Huntsman Corporation
IBP,Industrials,Building Products,5147290248.599999,-0.21169251309835802,-0.4358352071440059,0.38333333333333336,0.1677558110994018,0.227,0.031486959505851786,0,11.097336299399492,1.350265879529166,13.0,screen,1000731,INSTALLED BUILDING PRODUCTS
ICFI,Industrials,Research & Consulting Services,1533538560.0,-0.09758017352750303,-0.5222877156049698,0.16666666666666666,0.11370518695881622,0.156,-0.09525940885788231,0,7.992572941521754,1.4249298563090225,4.0,screen,1003105,ICF International Inc
IP,Materials,Paper Packaging,17224635000.0,-0.2497529198267281,-0.4111369630528118,0.06666666666666667,0.1709851970427308,0.19,-0.10907025986187269,0,5.814169969700371,2.6606559161927854,8.0,screen,1001282,INTERNATIONAL PAPER CO
IRTC,Health Care,Health Care Equipment,3652989750.0,-0.33914762486191063,-0.3994187582562748,0.0,0.15129902086274133,0.211,0.03141932188891339,0,23.9771234331276,0.5977020844660367,8.0,screen,1003333,"iRhythm Holdings, Inc."
ITRI,Technology,Electronic Equipment & Instruments,3846993920.0,-0.3068400770712909,-0.37624620719549196,0.0,0.16566942229914783,0.241,-0.03487002333724787,0,11.121785175999912,2.13958663226729,8.0,screen,1000744,ITRON INC
JBTM,Industrials,Industrial Machinery and Equipment,5578092000.0,-0.24601158213510854,-0.3721199914608898,0.0,0.18089673789381294,0.218,0.07663946066040728,0,9.374557984107982,2.380592810850035,4.0,screen,1003520,JBT Marel Corporation
JJSF,Consumer Goods,Packaged Foods & Meats,1454314680.0,-0.17344389095406265,-0.5493811888533904,0.08333333333333333,0.12029273728416043,0.164,-0.1272061691183921,0,8.52865802828783,0.7328776265748539,3.0,screen,1003846,J&J Snack Foods Corp
KBR,Industrials,Construction & Engineering,4451350000.0,-0.24344838000969393,-0.4993437695740949,0.08333333333333333,0.11795330337589958,0.115,-0.09356778172580782,0,6.630880443190106,2.194737659895936,8.0,screen,1002941,"KBR, INC."
KD,Technology,IT Consulting & Other Services,2673672000.0,-0.6250416250416251,-0.7408515535097814,0.058823529411764705,0.18078036666205127,0.189,-0.13461231411368246,0,1.7305410828721786,0.7327607413199395,5.0,screen,1005270,Kyndryl Holdings Inc
KNF,Materials,Building and Construction Materials,2880278000.0,-0.3440874203200208,-0.5301463050973814,,0.1576220558128112,0.261,-0.03333320762193592,0,7.675955701572397,2.930813439155773,7.0,screen,1005535,Knife River Corp.
KR,Consumer Services,Food Retailers,36163840000.0,-0.1106846171054372,-0.21517014565576575,0.4166666666666667,0.05350892978351199,0.054,-0.051593032862467525,0,6.2456754084419375,1.7659121721454025,16.0,screen,1002959,THE KROGER CO.
KVYO,Technology,Application Software,4824851727.47,-0.431924882629108,-0.680219556820492,0.0,0.16770081284995533,0.282,0.07972586211394717,0,13.3621931741666,-3.137348201835296,18.0,screen,1005566,"Klaviyo, Inc."
LCII,Consumer Goods,Auto Parts,2002827120.0,-0.06458623539762598,-0.45097768956938433,0.06666666666666667,0.11243610024142063,0.126,-0.007712089839225,,5.621875294310423,1.4733868029076962,6.0,screen,1003632,LCI Industries
LDOS,Technology,IT Consulting & Other Services,15368220000.0,-0.34779398851921917,-0.38359540822546145,0.08333333333333333,0.12871122747589356,0.189,0.01395126987700368,0,8.353094866815217,2.1560374529806046,11.0,screen,1000346,"Leidos Holdings, Inc."
LEA,Consumer Goods,Auto Parts,6165596000.0,0.20278923180773312,-0.20123371303450455,0.1,0.0761288559188032,0.126,-0.009089533768034008,0,4.302383168139293,1.0075456696629161,10.0,screen,1000256,LEAR CORPORATION
LKQ,Consumer Services,Distributors for Retailers,5802066000.0,-0.2194037041869792,-0.5380734397951596,0.0,0.11054064437178723,0.111,-0.1295036869237428,0,6.101306661503512,2.5465538961641623,6.0,screen,1000724,LKQ CORP
LMT,Industrials,Aerospace & Defense,116821050000.0,0.046470889069990085,-0.23783914480311164,0.0,0.13215851233499104,0.178,0.07214907920193903,0,11.75292346583295,1.6698018377655877,14.0,screen,1000178,LOCKHEED MARTIN CORPORATION
LOW,Consumer Services,Home Improvement Retailers,102127200000.0,-0.251617629684842,-0.35168573377992574,0.06666666666666667,0.14032465539872216,0.163,-0.012633611643405929,0,10.52840925850869,2.6592001068881683,25.0,screen,1001286,"LOWE'S COMPANIES, INC."
LPX,Materials,Forest Products,4518500000.0,-0.26196666487574993,-0.45237803995063364,0.5166666666666667,0.16671959419105833,0.19,-0.26682203288227424,0,9.931861535859458,0.3855509728239437,12.0,screen,1000768,LOUISIANA-PACIFIC CORP.
LRN,Consumer Services,Educational and Vocational Training Services,3596006442.24,-0.4764334631395193,-0.5407808727401213,0.03333333333333333,0.24680209774259448,0.247,-0.11795542067866038,0,5.140446516468063,-0.5411896904186444,3.0,screen,1003631,Stride Inc
LYFT,Technology,Application Software,5876140140.0,-0.3180372557928215,-0.3890923890923891,0.0,0.10725753162655831,0.282,0.03949918347047987,0,5.674303113153279,-1.217091601458357,31.0,screen,1004464,"Lyft, Inc"
MGM,Consumer Services,Casinos and Gaming,7853886260.0,-0.10415464512406225,-0.3874531465772342,0.0,0.1370325986501131,0.256,-0.12461688791713743,0,4.6368597372006395,1.4970613280637697,15.0,screen,1000217,MGM Resorts International
MOS,Materials,Fertilizers,6850745000.0,-0.3527921667536884,-0.4073342494808908,0.85,0.1649491227865387,0.19,-0.19595010298085147,0,5.985380311764049,3.086797914967303,11.0,screen,1001053,THE MOSAIC COMPANY
MQ,Technology,Payment Processing,1815549000.0,-0.1953125,-0.4203615279672578,0.07142857142857142,0.2199924836720128,0.264,-0.004369626124144932,0,6.324748045810788,-5.118805659966832,11.0,screen,1005105,Marqeta Inc
NOC,Industrials,Aerospace & Defense,68636800000.0,-0.19358913508108022,-0.3648389074757583,0.0,0.1407607302969131,0.178,-0.007793688034659851,0,12.181399340175432,1.9791488934889279,14.0,screen,1000183,NORTHROP GRUMMAN CORPORATION
NVR,Consumer Goods,Home Building,17251886080.0,-0.23401985896105115,-0.37987283866027155,0.6,0.13145746477118972,0.096,-0.18752260585260172,0,12.940782044001693,-0.16515475133801694,5.0,screen,1000818,NVR INC
NVST,Health Care,Health Care Equipment,3800556000.0,0.1521845851742758,-0.22438863185723734,0.16666666666666666,0.15084602959086355,0.211,0.062115970676189125,0,9.144877583495814,0.7584781694972026,12.0,screen,1004642,Envista Holdings Corp
NWL,Consumer Goods,Household Products,2284362000.0,0.07668555621180273,-0.502876744034156,0.23333333333333334,0.1325814791786309,0.18,-0.06678047660317943,0,7.196756068333654,4.709712554377873,4.0,screen,1000465,NEWELL BRANDS INC
OC,Industrials,Building Products,9437454000.0,-0.15375341902693374,-0.4274468966399899,0.5,0.20653319304963916,0.227,-0.18561662196681428,0,6.73635441533685,2.3759272043885793,14.0,screen,1000826,OWENS CORNING
OLLI,Consumer Services,Broadline Retail,5295346760.0,-0.3329439252336448,-0.39169034090909094,0.15,0.1444443183108061,0.144,0.007909654355527929,0,12.058448513259998,-0.4580850098743769,12.0,screen,1000835,Ollie's Bargain Outlet Holdings Inc
OLN,Materials,Commodity Chemicals,1817844000.0,-0.35693333552048623,-0.723207144231607,0.5,0.10438325112902609,0.19,-0.2465807134922543,0,6.154361654244517,4.692194421977538,10.0,screen,1000836,OLIN CORP
OMCL,Health Care,Health Care Technology,1548338880.0,0.11822660098522153,-0.35815268614514606,0.016666666666666666,0.13833156215916823,0.303,0.0719440533928366,0,7.975130862593711,-0.7261365802969751,7.0,screen,1003158,"Omnicell, Inc."
OPCH,Health Care,Long Term and Alternative Care,3465691299.9999995,-0.18984149855907795,-0.38535118884941255,0.05,0.0846657716263885,0.111,-0.09364353475558163,0,8.531115690575996,2.0119747210380976,11.0,screen,1000529,"Option Care Health, Inc."
OSIS,Industrials,Aerospace & Defense,3324844200.0,-0.2201492537313433,-0.37235210539912167,0.5166666666666667,0.16516007540827274,0.178,-0.09174320875817799,0,12.642850437299673,2.103841822400814,3.0,screen,1003465,OSI Systems Inc
OSK,Industrials,Industrial Machinery and Equipment,8208448072.5,0.008783703067856585,-0.27015016204734654,0.1,0.12182179560968336,0.218,-0.03296521699785049,0,6.080044438852978,0.5727621835075254,11.0,screen,1005275,Oshkosh Corp.
OTIS,Industrials,Industrial Machinery and Equipment,24728080000.0,-0.2813522854167758,-0.37335253856179285,0.0,0.17454677868481164,0.218,-0.06863101026656215,0,11.57639093991121,2.952180883604861,10.0,screen,1004714,Otis Worldwide Corp
PATK,Consumer Goods,Auto Parts,2261242880.0,-0.3323550106562976,-0.5282702085022897,0.36666666666666664,0.11803634043387534,0.126,-0.03804477536660156,,7.571393127111275,3.070046547944385,7.0,screen,1003466,Patrick Industries Inc
PEGA,Technology,Application Software,5913868950.0,-0.4181494366616668,-0.498215007844913,0.15,0.28144397860739945,0.282,0.03969307785587506,0,9.837721945878181,-0.6250836223042516,8.0,screen,1003484,Pegasystems Inc
PENN,Consumer Services,Casinos and Gaming,1990692000.0,-0.2393561786085151,-0.4492481203007519,0.05,0.15853640381137124,0.256,-0.051663288690643516,0,5.028920296604714,3.899046584846665,10.0,screen,1000854,"PENN Entertainment, Inc."
PEP,Consumer Goods,Soft Drinks,171946400000.0,-0.06113805977300979,-0.248480523288088,0.0,0.19658015102460646,0.23,0.001115771818317679,0,10.210743256440034,1.6703056519340027,15.0,screen,1000152,"PepsiCo, Inc."
PFGC,Consumer Services,Food Distributors,14437248000.0,-0.12043444828911953,-0.21551650235747966,0.11666666666666667,0.03013487969247353,0.054,-0.010544432733141762,0,8.81332316453866,2.46057276211658,11.0,screen,1000856,PERFORMANCE FOOD GROUP CO
PLUG,Industrials,Heavy Electrical Equipment,2629391946.2999997,-0.1673819742489271,-0.7487046632124352,0.48333333333333334,-0.08330026315948572,0.004,-0.09614039809590735,,-39.59711493848969,,14.0,screen,1000861,PLUG POWER INC
POOL,Consumer Services,Distributors for Retailers,5805328440.0,-0.46481933062851544,-0.5980003100308515,0.0,0.12364941628297706,0.111,-0.07811627432668511,0,10.22051021819198,1.9985525408536482,11.0,screen,1003577,Pool Corporation
PPC,Consumer Goods,Packaged Foods & Meats,6018843600.0,-0.33668958742632604,-0.48238491417230467,0.3,0.0790905238681653,0.164,-0.29635095175718507,0,5.664973216669194,1.5333962600632818,7.0,screen,1002999,Pilgrim's Pride Corporation
PPG,Materials,Paint & Coating,23437180300.0,0.018555069108844746,-0.2640763446516504,0.0,0.17631129126975895,0.19,-0.03995531752024106,0,9.395522974071861,1.8546525343508458,16.0,screen,1001023,"PPG INDUSTRIES, INC."
PRIM,Industrials,Construction & Engineering,4117500000.0,-0.45565908144649003,-0.6320630309756912,0.43333333333333335,0.06573068470914223,0.115,-0.15251051846453523,0,8.747243257882836,1.6921031397530528,13.0,screen,1003038,Primoris Services Corp
PRMB,Consumer Goods,Soft Drinks,6966070650.0,-0.11849499190773605,-0.4521144661033626,,0.22662994611765552,0.23,-0.08816300483742034,0,7.324086826580506,3.2502621780498417,9.0,screen,1005780,Primo Brands Corporation
PRVA,Health Care,Health Care Services,2640499476.9900002,-0.20923694779116453,-0.299288256227758,0.0,0.06473446142885503,0.1,0.08645758267875858,0,12.850166976810874,-2.8022763303319214,15.0,screen,1005072,Privia Health Group Inc
PSN,Industrials,Construction & Engineering,4416038820.0,-0.5059093101784853,-0.6384255582031595,0.0,0.09923093933645404,0.115,-0.08422689949516282,0,8.425826753185214,2.2111763090241636,10.0,screen,1004525,Parsons Corp
PTON,Consumer Services,Leisure Facilities,2590120092.2799997,-0.4455555555555555,-0.5279091769157994,0.044444444444444446,0.21128431625837704,0.283,0.04328944709504823,0,5.372964194993575,0.19427902937458044,15.0,screen,1004597,Peloton Interactive Inc
PVH,Consumer Goods,Clothing and Accessories,3527024999.9999995,-0.11433190409246075,-0.47131675234227155,0.13333333333333333,0.11888186500739865,0.136,-0.005329897580156673,0,4.543848560035236,1.2096899767594944,10.0,screen,1001292,PVH CORP
PYPL,Technology,Payment Processing,46798920000.0,-0.2079360337155869,-0.42288490996882777,0.16666666666666666,0.20308025928854276,0.264,-0.1843263335971339,0,6.3077903812651845,-0.04693655033829161,19.0,screen,1000415,"PayPal Holdings, Inc."
QS,Industrials,Electrical Components and Equipments,2832383430.0,-0.6229707792207793,-0.7481019522776573,,-16.045560776341404,0.199,0.09894467733602341,,-7.3665236782591075,,7.0,screen,1004871,QUANTUMSCAPE CORPORATION
REYN,Consumer Goods,Household Products,4649086000.0,-0.08156705943257703,-0.2882505804622659,0.016666666666666666,0.17967004681468382,0.18,-0.0062511150479585,0,8.802119000957529,2.19319312113503,5.0,screen,1004687,Reynolds Consumer Products Inc
RPM,Materials,Paint & Coating,12610762780.0,-0.14601368213952648,-0.272498544734475,0.0,0.15853499009776006,0.19,-0.05271663509791502,0,11.27588609383004,1.7828303917985338,10.0,screen,1000349,RPM INTERNATIONAL INC
RXO,Industrials,Trucking,3623638560.0,0.330299089726918,-0.35862068965517235,0.24324324324324326,0.03360757137700036,0.175,-0.09103715623094588,1,16.173944004978623,3.726690136147333,19.0,screen,1005443,"RXO, Inc."
SAM,Consumer Goods,Brewers,1718288619.9999998,-0.22419827830857997,-0.5833989484646058,0.0,0.11666512983365095,0.139,-0.15671286247577543,0,6.615942119022902,-1.1482742689958587,11.0,screen,1000903,"THE BOSTON BEER COMPANY, INC."
SARO,Industrials,Aerospace & Defense,7035002700.000001,-0.21766214730670563,,0.022727272727272728,0.14512590617443735,0.178,-0.013213151425804037,0,8.908519579521231,2.4442118022869863,11.0,screen,1005763,"StandardAero, Inc."
SFM,Consumer Services,Food Retailers,6087556800.0,-0.3901654411764707,-0.6304238845875342,0.1,0.09071323312311891,0.054,-0.13233893849870582,0,6.445841471934309,-0.12961686024788224,12.0,screen,1001026,"Sprouts Farmers Market, Inc."
SHAK,Consumer Services,Restaurants & Bars,2666116050.0,-0.37314389488302535,-0.5868478490459762,0.05,0.13725422680768717,0.166,-0.0943001187065311,0,10.066412736904782,-0.2728890245628761,19.0,screen,1000911,SHAKE SHACK INC
SITE,Industrials,Industrial Distribution,3969144457.91,-0.29883540372670814,-0.5139658791238362,0.11666666666666667,0.09444330874555668,0.107,-0.06522446871341958,0,9.121087918368369,0.9646681802663123,11.0,pipeline,1003139,SiteOne Landscape Supply INC
SLVM,Materials,Paper Products,1326800000.0,-0.22934618932361195,-0.6358636666552284,,0.14835901767768064,0.19,-0.08892322250599305,,4.164376781138473,2.3675462240479423,4.0,screen,1005218,Sylvamo Corp
SMG,Materials,Agrichemicals,2961184000.0,-0.08041315002060567,-0.42258513867296665,0.1,0.18190707813696144,0.19,-0.09383704688514749,0,5.2340773160933995,0.42452311475905974,6.0,screen,1000955,SCOTTS MIRACLE-GRO CO
SRAD,Technology,Application Software,3674988226.0,-0.5702602230483271,-0.6363636363636364,0.03333333333333333,0.25562379186562717,0.282,-0.0677996233592113,0,6.985588054880888,-0.5514906390639384,19.0,portfolio,1000009,Sportradar Group AG
STRA,Consumer Services,Educational and Vocational Training Services,1712579440.0000002,-0.06944697674065647,-0.3283713917391837,0.0,0.24383891865609444,0.247,0.006468997367792051,0,5.179770088983132,-0.07727297672023763,3.0,screen,1000926,Strategic Education Inc
SYM,Industrials,Industrial Machinery and Equipment,26068807930.260002,-0.2194805194805195,-0.518098510882016,0.2222222222222222,0.1386645673025171,0.218,0.04514321728290893,0,49.54590029418397,-4.0662059447065415,12.0,screen,1005408,Symbotic Inc
TDOC,Health Care,Health Care Services,1026417442.68,-0.2496765847347996,-0.7375565610859729,0.21666666666666667,0.12076896555112489,0.1,-0.09430793387668068,0,4.346934849413057,0.7936176057163573,18.0,screen,1002934,"TELADOC, INC."
TEAM,Technology,Application Software,48123004090.0,0.12266750156543527,-0.4448194711091844,0.21666666666666667,0.2683299055968593,0.282,0.022166198431181394,0,23.998477199573845,-0.11897449737806269,23.0,screen,1002919,Atlassian Corp.
TENB,Technology,Systems Software,4108162480.0,0.24794238683127579,-0.29870880709192527,0.21666666666666667,0.2628484720508195,0.339,0.034874514745328655,0,13.924271245394692,0.4552174518331624,15.0,screen,1004232,Tenable Holdings Inc
THO,Consumer Goods,Leisure Products,3592474638.45,-0.3177773790851016,-0.433814819612774,0.4,0.05750845710530806,0.148,-0.215466453016242,0,7.105788152074209,0.7056205219842399,10.0,screen,1000945,THOR INDUSTRIES INC
TMDX,Health Care,Health Care Equipment,3201373611.28,-0.25623885918003564,-0.5261484299585486,0.15555555555555556,0.1892563707205395,0.211,-0.1709123972797968,0,19.428089694793854,0.15411627468159422,8.0,screen,1004519,Transmedics Group Inc
TNET,Technology,Application Software,2983560000.0,-0.04361284695249046,-0.5159928184550593,0.21666666666666667,0.08447912479405195,0.282,-0.1033960784563106,0,8.320465762815493,1.2664501187009256,5.0,screen,1000315,TRINET GROUP INC
TOST,Technology,Application Software,17245700000.0,-0.205970966858395,-0.4119675456389452,0.3050847457627119,0.11865157275434166,0.282,-0.0100673415298832,0,14.778474986566497,-2.1892912457205744,23.0,pipeline,1000021,Toast Inc
TSCO,Consumer Services,Specialty Stores and Retailers,16646033950.0,-0.43655146437703485,-0.48853442584392603,0.11666666666666667,0.11871321456638266,0.119,-0.15672713139717764,0,9.406936758532026,1.0077656527825425,23.0,screen,1000079,TRACTOR SUPPLY COMPANY
TSLA,Consumer Goods,Auto Manufacturers,1253549400000.0,-0.20217215326497573,-0.27572058463297133,0.75,0.1287216996232515,0.08,-0.19749656967937657,0,79.23970748940147,-2.749695036041221,21.0,screen,1000287,"Tesla, Inc."
TSN,Consumer Goods,Packaged Foods & Meats,17916850000.0,-0.03670682539707515,-0.251904215781224,0.1,0.06377876912447643,0.164,-0.08561374515101072,0,7.058576871191379,2.0977437220380826,9.0,screen,1003001,"Tyson Foods, Inc."
TXRH,Consumer Services,Restaurants & Bars,10329664000.0,-0.04338541867397916,-0.2675855395355722,0.1,0.11980705133103609,0.166,-0.059839862466374405,0,11.863503749982723,-0.20871786651068244,21.0,screen,1000137,"Texas Roadhouse, Inc."
TXT,Industrials,Aerospace & Defense,13505213020.0,-0.09729276515248952,-0.24330484547927478,0.0,0.12395954280015187,0.178,0.012241859265598842,0,7.758437908706844,1.1778179045413675,10.0,screen,1000263,TEXTRON INC
UAA,Consumer Goods,Clothing and Accessories,2004187679.9999998,-0.1062124248496994,-0.5992812219227314,0.4,0.0520934461490429,0.136,-0.11446295652603578,0,8.899028480428726,0.8414318707407967,16.0,screen,1005345,Under Armour Inc
UBER,Technology,Application Software,139169273000.0,-0.30070429723384706,-0.3155844155844155,0.16666666666666666,0.20718521478224547,0.282,0.03139458034278064,0,10.406525726975135,0.49946398529239866,35.0,pipeline,1004500,Uber Technologies Inc
UFPI,Materials,Forest Products,4154303680.0,-0.16070910119715187,-0.4307827955221002,0.2833333333333333,0.08701071661930208,0.19,-0.09586233469448702,0,6.576859980215179,-0.697613940333598,5.0,screen,1003912,UFP Industries Inc
UHS,Health Care,Health Care Facilities,10488443700.0,-0.14391057762455461,-0.2832380968529935,0.16666666666666666,0.13987289993165808,0.179,-0.0017536472134662695,0,5.587407176921901,1.776552369709038,14.0,screen,1000113,"Universal Health Services, Inc."
UPS,Industrials,"Delivery, Air Freight & Logistics",79913155000.0,0.19211854435804265,-0.33762036408638174,0.016666666666666666,0.14284851628893394,0.098,0.01865375026921079,0,7.349712982139387,1.586335369542712,22.0,screen,1000224,"United Parcel Service, Inc."
USPH,Health Care,Health Care Facilities,1244782000.0,0.03522977343794187,-0.20058096203598175,0.21666666666666667,0.13013079110355835,0.179,0.0663794271146243,0,12.204744737868849,1.9175972005214212,5.0,screen,1006357,U.S. Physical Therapy Inc
UTI,Consumer Services,Educational and Vocational Training Services,1064443050.0000001,-0.42642089093701985,-0.6353515624999999,0.48333333333333334,0.11910600509380889,0.247,-0.19891527648770568,0,9.094840938853924,-0.09925072444377207,4.0,screen,1003399,Universal Technical Institute Inc
VC,Consumer Goods,Auto Parts,2403392000.0,-0.2669672627642813,-0.36454624927570944,0.016666666666666666,0.12507618715709762,0.126,-0.029566813684217097,0,3.9860370800364877,-0.7346819886951892,7.0,screen,1000975,VISTEON CORP
VFC,Consumer Goods,Clothing and Accessories,5650261870.0,-0.0034781150405318595,-0.4603509449630836,0.05,0.1056897629022654,0.136,0.09918648191452717,0,8.462859638546606,2.9384655818229333,14.0,screen,1003850,VF Corp
VRNS,Technology,Systems Software,6204852726.150001,-0.17435183574038626,-0.2505133470225872,0.43333333333333335,0.08615668384867517,0.339,0.08615172713326702,1,78.75184309923763,-9.09076400516597,14.0,screen,1000986,VARONIS SYSTEMS INC
VYX,Technology,Application Software,1028736000.0,-0.45498007968127496,-0.6009334889148192,0.03333333333333333,0.21298640449864897,0.282,-0.09541400764893693,0,4.083820593022882,2.0541957808819404,5.0,screen,1000797,NCR Voyix Corp.
WLK,Materials,Commodity Chemicals,8027428109.099999,-0.1694977231797814,-0.5964874984365309,0.23333333333333334,0.15638819497838927,0.19,-0.08155028239723494,0,5.98642676193004,1.9052653878581345,12.0,screen,1001040,WESTLAKE CHEMICAL CORP
WSO,Industrials,Industrial Distribution,11501729195.8,-0.2263412021454968,-0.44023630243285716,0.23333333333333334,0.10519695048470669,0.107,-0.15512319335569158,0,13.918936147965997,0.21103496540395217,10.0,screen,1001044,WATSCO INC
WU,Technology,Payment Processing,1887871999.9999998,-0.17013165795895335,-0.47340670801103935,0.0,0.2052535944280733,0.264,-0.04208454491318214,0,4.051728581749862,2.1386024519652813,9.0,screen,1000262,Western Union CO
WWW,Consumer Goods,Footwear,1578500000.0,-0.28851426901586896,-0.39743307227763713,0.3,0.11423597056767947,0.203,0.010231221653254519,0,8.376356732889922,2.0505659361847868,6.0,screen,1000226,WOLVERINE WORLD WIDE INC
XRAY,Health Care,Health Care Equipment,1752370000.0,-0.2917120883396821,-0.7449817164778092,0.05,0.1697551831562452,0.211,-0.21509893288115678,0,6.066878704890223,3.11532712788581,13.0,screen,1000064,Dentsply Sirona Inc.
YELP,Technology,Interactive Media & Services,1009197860.0,-0.40705128205128205,-0.6180053685731984,0.0,0.2189871218301367,0.304,-0.10896143342485654,0,3.0702765597272514,0.017542275119151088,6.0,screen,1000062,YELP INC.
ZS,Technology,Systems Software,33097466340.0,-0.3345124474404326,-0.4069646415083118,0.21666666666666667,0.2819408295285447,0.339,0.02414429768299664,0,28.269022944206185,-1.8746968741348704,31.0,screen,1003932,Zscaler Inc
